Workbook

Sheet Conversão_Taxas
A4: Taxa Anual | B4: 0.1 | C4: Taxa Diária: | D4: =(1+B4)^(1/252)-1 -> 0.00037828653
I5: Conta Direta
A6: Taxa Anual | B6: 0.15 | C6: Taxa Diária: | D6: =(1+B6)^(1/252)-1 -> 0.00055476471 | E6: Número de Dias: | F6: 22 | G6: ="Taxa Efetiva para " & F6 & " dias uteis" -> Taxa Efetiva para 22 dias uteis | H6: =(1+D6)^F6-1 -> 0.012276181 | I6: =(1+B6)^(F6/252)-1 -> 0.012276181
I7: Conta Direta
A8: Taxa Total | B8: 0.3 | C8: Número Dias Taxa | D8: =252*3 -> 756 | E8: Taxa Diária | F8: =(1+B8)^(1/D8)-1 -> 0.0003471029 | G8: Taxa Anual | H8: =(1+F8)^(252)-1 -> 0.091392883 | I8: =(1+B8)^(252/D8)-1 -> 0.091392883
C9: =IF(ISNUMBER(A9),LN(B9/B8),"")
A10: Taxa Base 1 | B10: 0.331 | C10: Número Dias Base 1 | D10: 756 | E10: Número Dias Base 2 | F10: 1 | G10: Conversão Base 1 =>Base 2 | H10: =(1+B10)^(F10/D10)-1 -> 0.00037828653
C11: =IF(ISNUMBER(A11),LN(B11/B10),"")
C12: =IF(ISNUMBER(A12),LN(B12/B11),"")
C13: =IF(ISNUMBER(A13),LN(B13/B12),"")
C14: =IF(ISNUMBER(A14),LN(B14/B13),"")
C15: =IF(ISNUMBER(A15),LN(B15/B14),"")
C16: =IF(ISNUMBER(A16),LN(B16/B15),"")
C17: =IF(ISNUMBER(A17),LN(B17/B16),"")
C18: =IF(ISNUMBER(A18),LN(B18/B17),"")
C19: =IF(ISNUMBER(A19),LN(B19/B18),"")
C20: =IF(ISNUMBER(A20),LN(B20/B19),"")
C21: =IF(ISNUMBER(A21),LN(B21/B20),"")
C22: =IF(ISNUMBER(A22),LN(B22/B21),"")
... C1094: =IF(ISNUMBER(A1094),LN(B1094/B1093),"")

Sheet Emprestimo
A5: Pegou Emprestado | C5: 100000 | G5: Data | H5: Valor Emprestimo
A6: Data Início | C6: 43193 | G6: =C6 -> 43193 | H6: =C5 -> 100000 | L6: Consulta Dívida Data
A7: Data Fim | C7: 43801 | G7: =WORKDAY(G6,1,Feriados!$A$1:$A$24) -> 43194 | H7: =H6*(1+$C$9) -> 100044.98 | K7: 43209 | L7: =IFERROR(VLOOKUP(K7,G:H,2,FALSE),"Data não encontrada") -> 100541.12
A8: Taxa Anual | C8: 0.12 | G8: =WORKDAY(G7,1,Feriados!$A$1:$A$24) -> 43195 | H8: =H7*(1+$C$9) -> 100089.98
A9: Taxa Diária: | C9: =(1+C8)^(1/252)-1 -> 0.00044981814 | G9: =WORKDAY(G8,1,Feriados!$A$1:$A$24) -> 43196 | H9: =H8*(1+$C$9) -> 100135.01
A10: # Dias Uteis | C10: =NETWORKDAYS(C6+1,C7,Feriados!A:A) -> 420 | G10: =WORKDAY(G9,1,Feriados!$A$1:$A$24) -> 43199 | H10: =H9*(1+$C$9) -> 100180.05
A11: Taxa Efetiva | C11: =(1+C9)^(C10)-1 -> 0.20789738 | D11: ou | E11: =(1+C8)^(C10/252)-1 -> 0.20789738 | G11: =WORKDAY(G10,1,Feriados!$A$1:$A$24) -> 43200 | H11: =H10*(1+$C$9) -> 100225.11
A12: Vai Pagar | C12: =C5*(1+C11) -> 120789.74 | G12: =WORKDAY(G11,1,Feriados!$A$1:$A$24) -> 43201 | H12: =H11*(1+$C$9) -> 100270.19
G13: =WORKDAY(G12,1,Feriados!$A$1:$A$24) -> 43202 | H13: =H12*(1+$C$9) -> 100315.3
G14: =WORKDAY(G13,1,Feriados!$A$1:$A$24) -> 43203 | H14: =H13*(1+$C$9) -> 100360.42
G15: =WORKDAY(G14,1,Feriados!$A$1:$A$24) -> 43206 | H15: =H14*(1+$C$9) -> 100405.57
G16: =WORKDAY(G15,1,Feriados!$A$1:$A$24) -> 43207 | H16: =H15*(1+$C$9) -> 100450.73
G17: =WORKDAY(G16,1,Feriados!$A$1:$A$24) -> 43208 | H17: =H16*(1+$C$9) -> 100495.91
G18: =WORKDAY(G17,1,Feriados!$A$1:$A$24) -> 43209 | H18: =H17*(1+$C$9) -> 100541.12
G19: =WORKDAY(G18,1,Feriados!$A$1:$A$24) -> 43210 | H19: =H18*(1+$C$9) -> 100586.34
G20: =WORKDAY(G19,1,Feriados!$A$1:$A$24) -> 43213 | H20: =H19*(1+$C$9) -> 100631.59
G21: =WORKDAY(G20,1,Feriados!$A$1:$A$24) -> 43214 | H21: =H20*(1+$C$9) -> 100676.86
G22: =WORKDAY(G21,1,Feriados!$A$1:$A$24) -> 43215 | H22: =H21*(1+$C$9) -> 100722.14
G23: =WORKDAY(G22,1,Feriados!$A$1:$A$24) -> 43216 | H23: =H22*(1+$C$9) -> 100767.45
G24: =WORKDAY(G23,1,Feriados!$A$1:$A$24) -> 43217 | H24: =H23*(1+$C$9) -> 100812.78
... G426: =WORKDAY(G425,1,Feriados!$A$1:$A$24) -> 43801 | H426: =H425*(1+$C$9) -> 120789.74

Sheet Feriados
A1: 43101 | B1: segunda-feira | C1: Confraternização Universal
A2: 43143 | B2: segunda-feira | C2: Carnaval
A3: 43144 | B3: terça-feira | C3: Carnaval
A4: 43189 | B4: sexta-feira | C4: Paixão de Cristo
A5: 43211 | B5: sábado | C5: Tiradentes
A6: 43221 | B6: terça-feira | C6: Dia do Trabalho
A7: 43251 | B7: quinta-feira | C7: Corpus Christi
A8: 43350 | B8: sexta-feira | C8: Independência do Brasil
A9: 43385 | B9: sexta-feira | C9: Nossa Sr.a Aparecida - Padroeira do Brasil
A10: 43406 | B10: sexta-feira | C10: Finados
A11: 43419 | B11: quinta-feira | C11: Proclamação da República
A12: 43459 | B12: terça-feira | C12: Natal
... A24: 43824 | B24: quarta-feira | C24: Natal
