Workbook

Sheet MA
B1: Preço
A2: 40267 | B2: 1942.81
A3: 40268 | B3: 1936.48
A4: 40269 | B4: 1950.91
A5: 40273 | B5: 1966.44
A6: 40274 | B6: 1969.76
A7: 40275 | B7: 1959.04
A8: 40276 | B8: 1965.72
A9: 40277 | B9: 1978.86
A10: 40280 | B10: 1982.4
A11: 40281 | B11: 1983.91
A12: 40282 | B12: 2006.06
A13: 40283 | B13: 2007.74
... A19: 40291 | B19: 2017.19
A20: 40294 | B20: 2008.55 | C20: MA
A21: 40295 | B21: 1961.6 | C21: =AVERAGE(B2:B21) -> 1979.936
A22: 40296 | B22: 1974.63 | C22: =AVERAGE(B3:B22) -> 1981.527
A23: 40297 | B23: 2000.34 | C23: =AVERAGE(B4:B23) -> 1984.72
A24: 40298 | B24: 1967.05 | C24: =AVERAGE(B3:B24) -> 1981.7241
A25: 40301 | B25: 1992.87 | C25: =AVERAGE(B4:B25) -> 1984.2873
A26: 40302 | B26: 1945.37 | C26: =AVERAGE(B5:B26) -> 1984.0355
A27: 40303 | B27: 1933.25 | C27: =AVERAGE(B6:B27) -> 1982.5268
A28: 40304 | B28: 1870.95 | C28: =AVERAGE(B7:B28) -> 1978.0355
A29: 40305 | B29: 1842.32 | C29: =AVERAGE(B8:B29) -> 1972.73
A30: 40308 | B30: 1923.39 | C30: =AVERAGE(B9:B30) -> 1970.8059
A31: 40309 | B31: 1917.25 | C31: =AVERAGE(B10:B31) -> 1968.0055
A32: 40310 | B32: 1944.25 | C32: =AVERAGE(B11:B32) -> 1966.2714
A33: 40311 | B33: 1920.76 | C33: =AVERAGE(B12:B33) -> 1963.4009
A34: 40312 | B34: 1884.67 | C34: =AVERAGE(B13:B34) -> 1957.8832
A35: 40315 | B35: 1887.11 | C35: =AVERAGE(B14:B35) -> 1952.4
... A248: 40623 | B248: 2192.09 | C248: =AVERAGE(B227:B248) -> 2205.8427

Sheet Backtest
B1: S&P
A2: 40177 | B2: 1856.14
A3: 40178 | B3: 1837.5
A4: 40182 | B4: 1867.06
A5: 40183 | B5: 1872.9
A6: 40184 | B6: 1874.73
A7: 40185 | B7: 1882.34
A8: 40186 | B8: 1887.77
A9: 40189 | B9: 1891.06
A10: 40190 | B10: 1873.32
A11: 40191 | B11: 1889.1
A12: 40192 | B12: 1893.72
A13: 40193 | B13: 1873.3
... A49: 40247 | B49: 1895.38
A50: 40248 | B50: 1903.68 | D50: S&P | E50: Média Móvel | F50: %Média Móvel | G50: Sinal | I50: Estratégia | K50: Entrada Long | L50: Saída Long | M50: Entrada Short | N50: Saída Short | T50: Perf Acumulada | U50: S&P 500
A51: 40249 | B51: 1903.29 | C51: =A51 -> 40249 | D51: =B51 -> 1903.29 | E51: =AVERAGE(B2:B51) -> 1836.6124 | F51: =D51/E51 -> 1.0363047 | G51: =IF(F51>=$Q$51,1,IF(F51<=$Q$52,-1,0)) -> 1 | K51: =IF(AND(G51=1,G50<>1),MAX($K$50:K50)+1,"") -> 1 | L51: =IF(AND(G51<>1,G50=1),MAX($L$50:L50)+1,"") | M51: =IF(AND(G51=-1,G50<>-1),MAX($M$50:M50)+1,"") | N51: =IF(AND(G51<>-1,G50=-1),MAX($N$50:N50)+1,"") | P51: Comprar o S&P quando estiver | Q51: 0.95 | R51: da MA | T51: 100 | U51: 100
A52: 40252 | B52: 1904.19 | C52: =A52 -> 40252 | D52: =B52 -> 1904.19 | E52: =AVERAGE(B3:B52) -> 1837.5734 | F52: =D52/E52 -> 1.0362525 | G52: =IF(F52>=$Q$51,1,IF(F52<=$Q$52,-1,0)) -> 1 | H52: =D52/D51-1 -> 0.00047286541 | I52: =G51*H52 -> 0.00047286541 | K52: =IF(AND(G52=1,G51<>1),MAX($K$50:K51)+1,"") | L52: =IF(AND(G52<>1,G51=1),MAX($L$50:L51)+1,"") | M52: =IF(AND(G52=-1,G51<>-1),MAX($M$50:M51)+1,"") | N52: =IF(AND(G52<>-1,G51=-1),MAX($N$50:N51)+1,"") | P52: Vender o S&P quando estiver | Q52: 0.98 | R52: da MA | T52: =T51*(1+I52) -> 100.04729 | U52: =U51*D52/D51 -> 100.04729 | X52: =700*1.4 -> 980
A53: 40253 | B53: 1919.02 | C53: =A53 -> 40253 | D53: =B53 -> 1919.02 | E53: =AVERAGE(B4:B53) -> 1839.2038 | F53: =D53/E53 -> 1.0433971 | G53: =IF(F53>=$Q$51,1,IF(F53<=$Q$52,-1,0)) -> 1 | H53: =D53/D52-1 -> 0.0077880884 | I53: =G52*H53 -> 0.0077880884 | K53: =IF(AND(G53=1,G52<>1),MAX($K$50:K52)+1,"") | L53: =IF(AND(G53<>1,G52=1),MAX($L$50:L52)+1,"") | M53: =IF(AND(G53=-1,G52<>-1),MAX($M$50:M52)+1,"") | N53: =IF(AND(G53<>-1,G52=-1),MAX($N$50:N52)+1,"") | T53: =T52*(1+I53) -> 100.82646 | U53: =U52*D53/D52 -> 100.82646
A54: 40254 | B54: 1930.22 | C54: =A54 -> 40254 | D54: =B54 -> 1930.22 | E54: =AVERAGE(B5:B54) -> 1840.467 | F54: =D54/E54 -> 1.0487664 | G54: =IF(F54>=$Q$51,1,IF(F54<=$Q$52,-1,0)) -> 1 | H54: =D54/D53-1 -> 0.0058363123 | I54: =G53*H54 -> 0.0058363123 | K54: =IF(AND(G54=1,G53<>1),MAX($K$50:K53)+1,"") | L54: =IF(AND(G54<>1,G53=1),MAX($L$50:L53)+1,"") | M54: =IF(AND(G54=-1,G53<>-1),MAX($M$50:M53)+1,"") | N54: =IF(AND(G54<>-1,G53=-1),MAX($N$50:N53)+1,"") | T54: =T53*(1+I54) -> 101.41492 | U54: =U53*D54/D53 -> 101.41492
A55: 40255 | B55: 1929.63 | C55: =A55 -> 40255 | D55: =B55 -> 1929.63 | E55: =AVERAGE(B6:B55) -> 1841.6016 | F55: =D55/E55 -> 1.0477999 | G55: =IF(F55>=$Q$51,1,IF(F55<=$Q$52,-1,0)) -> 1 | H55: =D55/D54-1 -> -0.00030566464 | I55: =G54*H55 -> -0.00030566464 | K55: =IF(AND(G55=1,G54<>1),MAX($K$50:K54)+1,"") | L55: =IF(AND(G55<>1,G54=1),MAX($L$50:L54)+1,"") | M55: =IF(AND(G55=-1,G54<>-1),MAX($M$50:M54)+1,"") | N55: =IF(AND(G55<>-1,G54=-1),MAX($N$50:N54)+1,"") | Q55: =Trades!G9 -> 0.044311236 | T55: =T54*(1+I55) -> 101.38392 | U55: =U54*D55/D54 -> 101.38392
A56: 40256 | B56: 1919.8 | C56: =A56 -> 40256 | D56: =B56 -> 1919.8 | E56: =AVERAGE(B7:B56) -> 1842.503 | F56: =D56/E56 -> 1.0419522 | G56: =IF(F56>=$Q$51,1,IF(F56<=$Q$52,-1,0)) -> 1 | H56: =D56/D55-1 -> -0.0050942409 | I56: =G55*H56 -> -0.0050942409 | K56: =IF(AND(G56=1,G55<>1),MAX($K$50:K55)+1,"") | L56: =IF(AND(G56<>1,G55=1),MAX($L$50:L55)+1,"") | M56: =IF(AND(G56=-1,G55<>-1),MAX($M$50:M55)+1,"") | N56: =IF(AND(G56<>-1,G55=-1),MAX($N$50:N55)+1,"") | T56: =T55*(1+I56) -> 100.86745 | U56: =U55*D56/D55 -> 100.86745
A57: 40259 | B57: 1929.64 | C57: =A57 -> 40259 | D57: =B57 -> 1929.64 | E57: =AVERAGE(B8:B57) -> 1843.449 | F57: =D57/E57 -> 1.0467553 | G57: =IF(F57>=$Q$51,1,IF(F57<=$Q$52,-1,0)) -> 1 | H57: =D57/D56-1 -> 0.0051255339 | I57: =G56*H57 -> 0.0051255339 | K57: =IF(AND(G57=1,G56<>1),MAX($K$50:K56)+1,"") | L57: =IF(AND(G57<>1,G56=1),MAX($L$50:L56)+1,"") | M57: =IF(AND(G57=-1,G56<>-1),MAX($M$50:M56)+1,"") | N57: =IF(AND(G57<>-1,G56=-1),MAX($N$50:N56)+1,"") | T57: =T56*(1+I57) -> 101.38444 | U57: =U56*D57/D56 -> 101.38444
A58: 40260 | B58: 1943.7 | C58: =A58 -> 40260 | D58: =B58 -> 1943.7 | E58: =AVERAGE(B9:B58) -> 1844.5676 | F58: =D58/E58 -> 1.0537429 | G58: =IF(F58>=$Q$51,1,IF(F58<=$Q$52,-1,0)) -> 1 | H58: =D58/D57-1 -> 0.0072863332 | I58: =G57*H58 -> 0.0072863332 | K58: =IF(AND(G58=1,G57<>1),MAX($K$50:K57)+1,"") | L58: =IF(AND(G58<>1,G57=1),MAX($L$50:L57)+1,"") | M58: =IF(AND(G58=-1,G57<>-1),MAX($M$50:M57)+1,"") | N58: =IF(AND(G58<>-1,G57=-1),MAX($N$50:N57)+1,"") | T58: =T57*(1+I58) -> 102.12317 | U58: =U57*D58/D57 -> 102.12317
A59: 40261 | B59: 1933.04 | C59: =A59 -> 40261 | D59: =B59 -> 1933.04 | E59: =AVERAGE(B10:B59) -> 1845.4072 | F59: =D59/E59 -> 1.047487 | G59: =IF(F59>=$Q$51,1,IF(F59<=$Q$52,-1,0)) -> 1 | H59: =D59/D58-1 -> -0.0054843855 | I59: =G58*H59 -> -0.0054843855 | K59: =IF(AND(G59=1,G58<>1),MAX($K$50:K58)+1,"") | L59: =IF(AND(G59<>1,G58=1),MAX($L$50:L58)+1,"") | M59: =IF(AND(G59=-1,G58<>-1),MAX($M$50:M58)+1,"") | N59: =IF(AND(G59<>-1,G58=-1),MAX($N$50:N58)+1,"") | T59: =T58*(1+I59) -> 101.56308 | U59: =U58*D59/D58 -> 101.56308
A60: 40262 | B60: 1929.75 | C60: =A60 -> 40262 | D60: =B60 -> 1929.75 | E60: =AVERAGE(B11:B60) -> 1846.5358 | F60: =D60/E60 -> 1.045065 | G60: =IF(F60>=$Q$51,1,IF(F60<=$Q$52,-1,0)) -> 1 | H60: =D60/D59-1 -> -0.0017019824 | I60: =G59*H60 -> -0.0017019824 | K60: =IF(AND(G60=1,G59<>1),MAX($K$50:K59)+1,"") | L60: =IF(AND(G60<>1,G59=1),MAX($L$50:L59)+1,"") | M60: =IF(AND(G60=-1,G59<>-1),MAX($M$50:M59)+1,"") | N60: =IF(AND(G60<>-1,G59=-1),MAX($N$50:N59)+1,"") | T60: =T59*(1+I60) -> 101.39022 | U60: =U59*D60/D59 -> 101.39022
A61: 40263 | B61: 1931.18 | C61: =A61 -> 40263 | D61: =B61 -> 1931.18 | E61: =AVERAGE(B12:B61) -> 1847.3774 | F61: =D61/E61 -> 1.045363 | G61: =IF(F61>=$Q$51,1,IF(F61<=$Q$52,-1,0)) -> 1 | H61: =D61/D60-1 -> 0.00074102863 | I61: =G60*H61 -> 0.00074102863 | K61: =IF(AND(G61=1,G60<>1),MAX($K$50:K60)+1,"") | L61: =IF(AND(G61<>1,G60=1),MAX($L$50:L60)+1,"") | M61: =IF(AND(G61=-1,G60<>-1),MAX($M$50:M60)+1,"") | N61: =IF(AND(G61<>-1,G60=-1),MAX($N$50:N60)+1,"") | T61: =T60*(1+I61) -> 101.46536 | U61: =U60*D61/D60 -> 101.46536
A62: 40266 | B62: 1942.51 | C62: =A62 -> 40266 | D62: =B62 -> 1942.51 | E62: =AVERAGE(B13:B62) -> 1848.3532 | F62: =D62/E62 -> 1.0509409 | G62: =IF(F62>=$Q$51,1,IF(F62<=$Q$52,-1,0)) -> 1 | H62: =D62/D61-1 -> 0.0058668793 | I62: =G61*H62 -> 0.0058668793 | K62: =IF(AND(G62=1,G61<>1),MAX($K$50:K61)+1,"") | L62: =IF(AND(G62<>1,G61=1),MAX($L$50:L61)+1,"") | M62: =IF(AND(G62=-1,G61<>-1),MAX($M$50:M61)+1,"") | N62: =IF(AND(G62<>-1,G61=-1),MAX($N$50:N61)+1,"") | T62: =T61*(1+I62) -> 102.06064 | U62: =U61*D62/D61 -> 102.06064
A63: 40267 | B63: 1942.81 | C63: =A63 -> 40267 | D63: =B63 -> 1942.81 | E63: =AVERAGE(B14:B63) -> 1849.7434 | F63: =D63/E63 -> 1.0503132 | G63: =IF(F63>=$Q$51,1,IF(F63<=$Q$52,-1,0)) -> 1 | H63: =D63/D62-1 -> 0.00015443936 | I63: =G62*H63 -> 0.00015443936 | K63: =IF(AND(G63=1,G62<>1),MAX($K$50:K62)+1,"") | L63: =IF(AND(G63<>1,G62=1),MAX($L$50:L62)+1,"") | M63: =IF(AND(G63=-1,G62<>-1),MAX($M$50:M62)+1,"") | N63: =IF(AND(G63<>-1,G62=-1),MAX($N$50:N62)+1,"") | T63: =T62*(1+I63) -> 102.0764 | U63: =U62*D63/D62 -> 102.0764
A64: 40268 | B64: 1936.48 | C64: =A64 -> 40268 | D64: =B64 -> 1936.48 | E64: =AVERAGE(B15:B64) -> 1850.5386 | F64: =D64/E64 -> 1.0464413 | G64: =IF(F64>=$Q$51,1,IF(F64<=$Q$52,-1,0)) -> 1 | H64: =D64/D63-1 -> -0.0032581673 | I64: =G63*H64 -> -0.0032581673 | K64: =IF(AND(G64=1,G63<>1),MAX($K$50:K63)+1,"") | L64: =IF(AND(G64<>1,G63=1),MAX($L$50:L63)+1,"") | M64: =IF(AND(G64=-1,G63<>-1),MAX($M$50:M63)+1,"") | N64: =IF(AND(G64<>-1,G63=-1),MAX($N$50:N63)+1,"") | T64: =T63*(1+I64) -> 101.74382 | U64: =U63*D64/D63 -> 101.74382
A65: 40269 | B65: 1950.91 | C65: =A65 -> 40269 | D65: =B65 -> 1950.91 | E65: =AVERAGE(B16:B65) -> 1852.0188 | F65: =D65/E65 -> 1.0533964 | G65: =IF(F65>=$Q$51,1,IF(F65<=$Q$52,-1,0)) -> 1 | H65: =D65/D64-1 -> 0.0074516649 | I65: =G64*H65 -> 0.0074516649 | K65: =IF(AND(G65=1,G64<>1),MAX($K$50:K64)+1,"") | L65: =IF(AND(G65<>1,G64=1),MAX($L$50:L64)+1,"") | M65: =IF(AND(G65=-1,G64<>-1),MAX($M$50:M64)+1,"") | N65: =IF(AND(G65<>-1,G64=-1),MAX($N$50:N64)+1,"") | T65: =T64*(1+I65) -> 102.50198 | U65: =U64*D65/D64 -> 102.50198
A66: 40273 | B66: 1966.44 | C66: =A66 -> 40273 | D66: =B66 -> 1966.44 | E66: =AVERAGE(B17:B66) -> 1854.5198 | F66: =D66/E66 -> 1.06035 | G66: =IF(F66>=$Q$51,1,IF(F66<=$Q$52,-1,0)) -> 1 | H66: =D66/D65-1 -> 0.0079603877 | I66: =G65*H66 -> 0.0079603877 | K66: =IF(AND(G66=1,G65<>1),MAX($K$50:K65)+1,"") | L66: =IF(AND(G66<>1,G65=1),MAX($L$50:L65)+1,"") | M66: =IF(AND(G66=-1,G65<>-1),MAX($M$50:M65)+1,"") | N66: =IF(AND(G66<>-1,G65=-1),MAX($N$50:N65)+1,"") | T66: =T65*(1+I66) -> 103.31794 | U66: =U65*D66/D65 -> 103.31794
A67: 40274 | B67: 1969.76 | C67: =A67 -> 40274 | D67: =B67 -> 1969.76 | E67: =AVERAGE(B18:B67) -> 1857.9028 | F67: =D67/E67 -> 1.0602062 | G67: =IF(F67>=$Q$51,1,IF(F67<=$Q$52,-1,0)) -> 1 | H67: =D67/D66-1 -> 0.0016883302 | I67: =G66*H67 -> 0.0016883302 | K67: =IF(AND(G67=1,G66<>1),MAX($K$50:K66)+1,"") | L67: =IF(AND(G67<>1,G66=1),MAX($L$50:L66)+1,"") | M67: =IF(AND(G67=-1,G66<>-1),MAX($M$50:M66)+1,"") | N67: =IF(AND(G67<>-1,G66=-1),MAX($N$50:N66)+1,"") | T67: =T66*(1+I67) -> 103.49237 | U67: =U66*D67/D66 -> 103.49237
... A2519: 43830 | B2519: 6553.57 | C2519: =A2519 -> 43830 | D2519: =B2519 -> 6553.57 | E2519: =AVERAGE(B2470:B2519) -> 6316.6766 | F2519: =D2519/E2519 -> 1.0375029 | G2519: =IF(F2519>=$Q$51,1,IF(F2519<=$Q$52,-1,0)) -> 1 | H2519: =D2519/D2518-1 -> 0.0030089181 | I2519: =G2518*H2519 -> 0.0030089181 | K2519: =IF(AND(G2519=1,G2518<>1),MAX($K$50:K2518)+1,"") | L2519: =IF(AND(G2519<>1,G2518=1),MAX($L$50:L2518)+1,"") | M2519: =IF(AND(G2519=-1,G2518<>-1),MAX($M$50:M2518)+1,"") | N2519: =IF(AND(G2519<>-1,G2518=-1),MAX($N$50:N2518)+1,"") | T2519: =T2518*(1+I2519) -> 162.54703 | U2519: =U2518*D2519/D2518 -> 344.3285

Sheet Trades
A1: Trades Long | J1: Trades Short
B2: Entrada | C2: Saída | D2: N Dias | E2: Performance | G2: N Trades | H2: Win | K2: Entrada | L2: Saída | M2: N Dias | N2: Performance | P2: N Trades | Q2: Loss
A3: 1 | B3: =IFERROR(INDEX(Backtest!C:C,MATCH(Trades!A3,Backtest!K:K,0)),"") -> 40249 | C3: =IFERROR(INDEX(Backtest!C:C,MATCH(Trades!A3,Backtest!L:L,0)),IF(ISNUMBER(B3),Backtest!$C$2519,"")) -> 40318 | D3: =IF(ISNUMBER(B3),NETWORKDAYS(B3,C3),"") -> 50 | E3: =IFERROR(VLOOKUP(C3,Backtest!C:D,2,FALSE)/VLOOKUP(B3,Backtest!C:D,2,FALSE)-1,"") -> -0.065145091 | G3: =COUNTIFS(B3:B402,">0") -> 25 | H3: =COUNTIFS(E3:E402,">0") -> 9 | J3: 1 | K3: =IFERROR(INDEX(Backtest!C:C,MATCH(Trades!A3,Backtest!M:M,0)),"") -> 40318 | L3: =IFERROR(INDEX(Backtest!C:C,MATCH(Trades!A3,Backtest!N:N,0)),IF(ISNUMBER(K3),Backtest!$C$2519,"")) -> 40332 | M3: =IF(ISNUMBER(K3),NETWORKDAYS(K3,L3),"") -> 11 | N3: =IFERROR(VLOOKUP(L3,Backtest!C:D,2,FALSE)/VLOOKUP(K3,Backtest!C:D,2,FALSE)-1,"") -> 0.030023043 | P3: =COUNTIFS(K3:K402,">0") -> 24 | Q3: =COUNTIFS(N3:N402,"<0") -> 3
A4: 2 | B4: =IFERROR(INDEX(Backtest!C:C,MATCH(Trades!A4,Backtest!K:K,0)),"") -> 40332 | C4: =IFERROR(INDEX(Backtest!C:C,MATCH(Trades!A4,Backtest!L:L,0)),IF(ISNUMBER(B4),Backtest!$C$2519,"")) -> 40333 | D4: =IF(ISNUMBER(B4),NETWORKDAYS(B4,C4),"") -> 2 | E4: =IFERROR(VLOOKUP(C4,Backtest!C:D,2,FALSE)/VLOOKUP(B4,Backtest!C:D,2,FALSE)-1,"") -> -0.034375136 | G4: Acerto | H4: Avg Win | J4: 2 | K4: =IFERROR(INDEX(Backtest!C:C,MATCH(Trades!A4,Backtest!M:M,0)),"") -> 40333 | L4: =IFERROR(INDEX(Backtest!C:C,MATCH(Trades!A4,Backtest!N:N,0)),IF(ISNUMBER(K4),Backtest!$C$2519,"")) -> 40340 | M4: =IF(ISNUMBER(K4),NETWORKDAYS(K4,L4),"") -> 6 | N4: =IFERROR(VLOOKUP(L4,Backtest!C:D,2,FALSE)/VLOOKUP(K4,Backtest!C:D,2,FALSE)-1,"") -> 0.025732884 | P4: Loss | Q4: Avg Loss
A5: 3 | B5: =IFERROR(INDEX(Backtest!C:C,MATCH(Trades!A5,Backtest!K:K,0)),"") -> 40340 | C5: =IFERROR(INDEX(Backtest!C:C,MATCH(Trades!A5,Backtest!L:L,0)),IF(ISNUMBER(B5),Backtest!$C$2519,"")) -> 40358 | D5: =IF(ISNUMBER(B5),NETWORKDAYS(B5,C5),"") -> 13 | E5: =IFERROR(VLOOKUP(C5,Backtest!C:D,2,FALSE)/VLOOKUP(B5,Backtest!C:D,2,FALSE)-1,"") -> -0.045563721 | G5: =H3/G3 -> 0.36 | H5: =AVERAGEIFS(E3:E402,E3:E402,">0") -> 0.18508652 | J5: 3 | K5: =IFERROR(INDEX(Backtest!C:C,MATCH(Trades!A5,Backtest!M:M,0)),"") -> 40358 | L5: =IFERROR(INDEX(Backtest!C:C,MATCH(Trades!A5,Backtest!N:N,0)),IF(ISNUMBER(K5),Backtest!$C$2519,"")) -> 40366 | M5: =IF(ISNUMBER(K5),NETWORKDAYS(K5,L5),"") -> 7 | N5: =IFERROR(VLOOKUP(L5,Backtest!C:D,2,FALSE)/VLOOKUP(K5,Backtest!C:D,2,FALSE)-1,"") -> 0.018972035 | P5: =Q3/P3 -> 0.125 | Q5: =AVERAGEIFS(N3:N402,N3:N402,"<0") -> -0.0042261212
A6: 4 | B6: =IFERROR(INDEX(Backtest!C:C,MATCH(Trades!A6,Backtest!K:K,0)),"") -> 40366 | C6: =IFERROR(INDEX(Backtest!C:C,MATCH(Trades!A6,Backtest!L:L,0)),IF(ISNUMBER(B6),Backtest!$C$2519,"")) -> 40759 | D6: =IF(ISNUMBER(B6),NETWORKDAYS(B6,C6),"") -> 282 | E6: =IFERROR(VLOOKUP(C6,Backtest!C:D,2,FALSE)/VLOOKUP(B6,Backtest!C:D,2,FALSE)-1,"") -> 0.15564568 | G6: Erro | H6: Avg Loss | J6: 4 | K6: =IFERROR(INDEX(Backtest!C:C,MATCH(Trades!A6,Backtest!M:M,0)),"") -> 40759 | L6: =IFERROR(INDEX(Backtest!C:C,MATCH(Trades!A6,Backtest!N:N,0)),IF(ISNUMBER(K6),Backtest!$C$2519,"")) -> 40784 | M6: =IF(ISNUMBER(K6),NETWORKDAYS(K6,L6),"") -> 18 | N6: =IFERROR(VLOOKUP(L6,Backtest!C:D,2,FALSE)/VLOOKUP(K6,Backtest!C:D,2,FALSE)-1,"") -> 0.010219586 | P6: Win | Q6: Avg Loss
A7: 5 | B7: =IFERROR(INDEX(Backtest!C:C,MATCH(Trades!A7,Backtest!K:K,0)),"") -> 40784 | C7: =IFERROR(INDEX(Backtest!C:C,MATCH(Trades!A7,Backtest!L:L,0)),IF(ISNUMBER(B7),Backtest!$C$2519,"")) -> 40788 | D7: =IF(ISNUMBER(B7),NETWORKDAYS(B7,C7),"") -> 5 | E7: =IFERROR(VLOOKUP(C7,Backtest!C:D,2,FALSE)/VLOOKUP(B7,Backtest!C:D,2,FALSE)-1,"") -> -0.02937823 | G7: =1-G5 -> 0.64 | H7: =AVERAGEIFS(E3:E402,E3:E402,"<0") -> -0.034874858 | J7: 5 | K7: =IFERROR(INDEX(Backtest!C:C,MATCH(Trades!A7,Backtest!M:M,0)),"") -> 40788 | L7: =IFERROR(INDEX(Backtest!C:C,MATCH(Trades!A7,Backtest!N:N,0)),IF(ISNUMBER(K7),Backtest!$C$2519,"")) -> 40793 | M7: =IF(ISNUMBER(K7),NETWORKDAYS(K7,L7),"") -> 4 | N7: =IFERROR(VLOOKUP(L7,Backtest!C:D,2,FALSE)/VLOOKUP(K7,Backtest!C:D,2,FALSE)-1,"") -> 0.021269683 | P7: =1-P5 -> 0.875 | Q7: =AVERAGEIFS(N3:N402,N3:N402,">0") -> 0.017625537
A8: 6 | B8: =IFERROR(INDEX(Backtest!C:C,MATCH(Trades!A8,Backtest!K:K,0)),"") -> 40793 | C8: =IFERROR(INDEX(Backtest!C:C,MATCH(Trades!A8,Backtest!L:L,0)),IF(ISNUMBER(B8),Backtest!$C$2519,"")) -> 40795 | D8: =IF(ISNUMBER(B8),NETWORKDAYS(B8,C8),"") -> 3 | E8: =IFERROR(VLOOKUP(C8,Backtest!C:D,2,FALSE)/VLOOKUP(B8,Backtest!C:D,2,FALSE)-1,"") -> -0.03699371 | G8: Avg total | H8: Avg Holding | J8: 6 | K8: =IFERROR(INDEX(Backtest!C:C,MATCH(Trades!A8,Backtest!M:M,0)),"") -> 40795 | L8: =IFERROR(INDEX(Backtest!C:C,MATCH(Trades!A8,Backtest!N:N,0)),IF(ISNUMBER(K8),Backtest!$C$2519,"")) -> 40799 | M8: =IF(ISNUMBER(K8),NETWORKDAYS(K8,L8),"") -> 3 | N8: =IFERROR(VLOOKUP(L8,Backtest!C:D,2,FALSE)/VLOOKUP(K8,Backtest!C:D,2,FALSE)-1,"") -> 0.016574586 | P8: Avg total | Q8: Avg Holding
A9: 7 | B9: =IFERROR(INDEX(Backtest!C:C,MATCH(Trades!A9,Backtest!K:K,0)),"") -> 40799 | C9: =IFERROR(INDEX(Backtest!C:C,MATCH(Trades!A9,Backtest!L:L,0)),IF(ISNUMBER(B9),Backtest!$C$2519,"")) -> 40808 | D9: =IF(ISNUMBER(B9),NETWORKDAYS(B9,C9),"") -> 8 | E9: =IFERROR(VLOOKUP(C9,Backtest!C:D,2,FALSE)/VLOOKUP(B9,Backtest!C:D,2,FALSE)-1,"") -> -0.036658534 | G9: =AVERAGE(E3:E402) -> 0.044311236 | H9: =AVERAGE(D3:D402) -> 98.64 | J9: 7 | K9: =IFERROR(INDEX(Backtest!C:C,MATCH(Trades!A9,Backtest!M:M,0)),"") -> 40808 | L9: =IFERROR(INDEX(Backtest!C:C,MATCH(Trades!A9,Backtest!N:N,0)),IF(ISNUMBER(K9),Backtest!$C$2519,"")) -> 40812 | M9: =IF(ISNUMBER(K9),NETWORKDAYS(K9,L9),"") -> 3 | N9: =IFERROR(VLOOKUP(L9,Backtest!C:D,2,FALSE)/VLOOKUP(K9,Backtest!C:D,2,FALSE)-1,"") -> 0.029692333 | P9: =AVERAGE(N3:N402) -> 0.01489408 | Q9: =AVERAGE(M3:M402) -> 5.8333333
A10: 8 | B10: =IFERROR(INDEX(Backtest!C:C,MATCH(Trades!A10,Backtest!K:K,0)),"") -> 40812 | C10: =IFERROR(INDEX(Backtest!C:C,MATCH(Trades!A10,Backtest!L:L,0)),IF(ISNUMBER(B10),Backtest!$C$2519,"")) -> 40816 | D10: =IF(ISNUMBER(B10),NETWORKDAYS(B10,C10),"") -> 5 | E10: =IFERROR(VLOOKUP(C10,Backtest!C:D,2,FALSE)/VLOOKUP(B10,Backtest!C:D,2,FALSE)-1,"") -> -0.026804841 | G10: Avg Holding Win | H10: Avg Holding Loss | J10: 8 | K10: =IFERROR(INDEX(Backtest!C:C,MATCH(Trades!A10,Backtest!M:M,0)),"") -> 40816 | L10: =IFERROR(INDEX(Backtest!C:C,MATCH(Trades!A10,Backtest!N:N,0)),IF(ISNUMBER(K10),Backtest!$C$2519,"")) -> 40821 | M10: =IF(ISNUMBER(K10),NETWORKDAYS(K10,L10),"") -> 4 | N10: =IFERROR(VLOOKUP(L10,Backtest!C:D,2,FALSE)/VLOOKUP(K10,Backtest!C:D,2,FALSE)-1,"") -> 0.011850072 | P10: Avg Holding Win | Q10: Avg Holding Loss
A11: 9 | B11: =IFERROR(INDEX(Backtest!C:C,MATCH(Trades!A11,Backtest!K:K,0)),"") -> 40821 | C11: =IFERROR(INDEX(Backtest!C:C,MATCH(Trades!A11,Backtest!L:L,0)),IF(ISNUMBER(B11),Backtest!$C$2519,"")) -> 41046 | D11: =IF(ISNUMBER(B11),NETWORKDAYS(B11,C11),"") -> 162 | E11: =IFERROR(VLOOKUP(C11,Backtest!C:D,2,FALSE)/VLOOKUP(B11,Backtest!C:D,2,FALSE)-1,"") -> 0.15624952 | G11: =AVERAGEIFS(D3:D402,E3:E402,">0") -> 255.44444 | H11: =AVERAGEIFS(D3:D402,E3:E402,"<0") -> 10.4375 | J11: 9 | K11: =IFERROR(INDEX(Backtest!C:C,MATCH(Trades!A11,Backtest!M:M,0)),"") -> 41046 | L11: =IFERROR(INDEX(Backtest!C:C,MATCH(Trades!A11,Backtest!N:N,0)),IF(ISNUMBER(K11),Backtest!$C$2519,"")) -> 41050 | M11: =IF(ISNUMBER(K11),NETWORKDAYS(K11,L11),"") -> 3 | N11: =IFERROR(VLOOKUP(L11,Backtest!C:D,2,FALSE)/VLOOKUP(K11,Backtest!C:D,2,FALSE)-1,"") -> 0.008548295 | P11: =AVERAGEIFS(M3:M402,N3:N402,">0") -> 4.8571429 | Q11: =AVERAGEIFS(M3:M402,N3:N402,"<0") -> 12.666667
A12: 10 | B12: =IFERROR(INDEX(Backtest!C:C,MATCH(Trades!A12,Backtest!K:K,0)),"") -> 41050 | C12: =IFERROR(INDEX(Backtest!C:C,MATCH(Trades!A12,Backtest!L:L,0)),IF(ISNUMBER(B12),Backtest!$C$2519,"")) -> 41061 | D12: =IF(ISNUMBER(B12),NETWORKDAYS(B12,C12),"") -> 10 | E12: =IFERROR(VLOOKUP(C12,Backtest!C:D,2,FALSE)/VLOOKUP(B12,Backtest!C:D,2,FALSE)-1,"") -> -0.028017241 | J12: 10 | K12: =IFERROR(INDEX(Backtest!C:C,MATCH(Trades!A12,Backtest!M:M,0)),"") -> 41061 | L12: =IFERROR(INDEX(Backtest!C:C,MATCH(Trades!A12,Backtest!N:N,0)),IF(ISNUMBER(K12),Backtest!$C$2519,"")) -> 41066 | M12: =IF(ISNUMBER(K12),NETWORKDAYS(K12,L12),"") -> 4 | N12: =IFERROR(VLOOKUP(L12,Backtest!C:D,2,FALSE)/VLOOKUP(K12,Backtest!C:D,2,FALSE)-1,"") -> 0.029357707
A13: 11 | B13: =IFERROR(INDEX(Backtest!C:C,MATCH(Trades!A13,Backtest!K:K,0)),"") -> 41066 | C13: =IFERROR(INDEX(Backtest!C:C,MATCH(Trades!A13,Backtest!L:L,0)),IF(ISNUMBER(B13),Backtest!$C$2519,"")) -> 41227 | D13: =IF(ISNUMBER(B13),NETWORKDAYS(B13,C13),"") -> 116 | E13: =IFERROR(VLOOKUP(C13,Backtest!C:D,2,FALSE)/VLOOKUP(B13,Backtest!C:D,2,FALSE)-1,"") -> 0.041027981 | J13: 11 | K13: =IFERROR(INDEX(Backtest!C:C,MATCH(Trades!A13,Backtest!M:M,0)),"") -> 41227 | L13: =IFERROR(INDEX(Backtest!C:C,MATCH(Trades!A13,Backtest!N:N,0)),IF(ISNUMBER(K13),Backtest!$C$2519,"")) -> 41229 | M13: =IF(ISNUMBER(K13),NETWORKDAYS(K13,L13),"") -> 3 | N13: =IFERROR(VLOOKUP(L13,Backtest!C:D,2,FALSE)/VLOOKUP(K13,Backtest!C:D,2,FALSE)-1,"") -> 0.0034050587
A14: 12 | B14: =IFERROR(INDEX(Backtest!C:C,MATCH(Trades!A14,Backtest!K:K,0)),"") -> 41229 | C14: =IFERROR(INDEX(Backtest!C:C,MATCH(Trades!A14,Backtest!L:L,0)),IF(ISNUMBER(B14),Backtest!$C$2519,"")) -> 41927 | D14: =IF(ISNUMBER(B14),NETWORKDAYS(B14,C14),"") -> 499 | E14: =IFERROR(VLOOKUP(C14,Backtest!C:D,2,FALSE)/VLOOKUP(B14,Backtest!C:D,2,FALSE)-1,"") -> 0.42587211 | J14: 12 | K14: =IFERROR(INDEX(Backtest!C:C,MATCH(Trades!A14,Backtest!M:M,0)),"") -> 41927 | L14: =IFERROR(INDEX(Backtest!C:C,MATCH(Trades!A14,Backtest!N:N,0)),IF(ISNUMBER(K14),Backtest!$C$2519,"")) -> 41929 | M14: =IF(ISNUMBER(K14),NETWORKDAYS(K14,L14),"") -> 3 | N14: =IFERROR(VLOOKUP(L14,Backtest!C:D,2,FALSE)/VLOOKUP(K14,Backtest!C:D,2,FALSE)-1,"") -> 0.013066158
A15: 13 | B15: =IFERROR(INDEX(Backtest!C:C,MATCH(Trades!A15,Backtest!K:K,0)),"") -> 41929 | C15: =IFERROR(INDEX(Backtest!C:C,MATCH(Trades!A15,Backtest!L:L,0)),IF(ISNUMBER(B15),Backtest!$C$2519,"")) -> 42237 | D15: =IF(ISNUMBER(B15),NETWORKDAYS(B15,C15),"") -> 221 | E15: =IFERROR(VLOOKUP(C15,Backtest!C:D,2,FALSE)/VLOOKUP(B15,Backtest!C:D,2,FALSE)-1,"") -> 0.063173993 | J15: 13 | K15: =IFERROR(INDEX(Backtest!C:C,MATCH(Trades!A15,Backtest!M:M,0)),"") -> 42237 | L15: =IFERROR(INDEX(Backtest!C:C,MATCH(Trades!A15,Backtest!N:N,0)),IF(ISNUMBER(K15),Backtest!$C$2519,"")) -> 42243 | M15: =IF(ISNUMBER(K15),NETWORKDAYS(K15,L15),"") -> 5 | N15: =IFERROR(VLOOKUP(L15,Backtest!C:D,2,FALSE)/VLOOKUP(K15,Backtest!C:D,2,FALSE)-1,"") -> 0.0087319884
A16: 14 | B16: =IFERROR(INDEX(Backtest!C:C,MATCH(Trades!A16,Backtest!K:K,0)),"") -> 42243 | C16: =IFERROR(INDEX(Backtest!C:C,MATCH(Trades!A16,Backtest!L:L,0)),IF(ISNUMBER(B16),Backtest!$C$2519,"")) -> 42248 | D16: =IF(ISNUMBER(B16),NETWORKDAYS(B16,C16),"") -> 4 | E16: =IFERROR(VLOOKUP(C16,Backtest!C:D,2,FALSE)/VLOOKUP(B16,Backtest!C:D,2,FALSE)-1,"") -> -0.036856802 | J16: 14 | K16: =IFERROR(INDEX(Backtest!C:C,MATCH(Trades!A16,Backtest!M:M,0)),"") -> 42248 | L16: =IFERROR(INDEX(Backtest!C:C,MATCH(Trades!A16,Backtest!N:N,0)),IF(ISNUMBER(K16),Backtest!$C$2519,"")) -> 42255 | M16: =IF(ISNUMBER(K16),NETWORKDAYS(K16,L16),"") -> 6 | N16: =IFERROR(VLOOKUP(L16,Backtest!C:D,2,FALSE)/VLOOKUP(K16,Backtest!C:D,2,FALSE)-1,"") -> 0.029462514
A17: 15 | B17: =IFERROR(INDEX(Backtest!C:C,MATCH(Trades!A17,Backtest!K:K,0)),"") -> 42255 | C17: =IFERROR(INDEX(Backtest!C:C,MATCH(Trades!A17,Backtest!L:L,0)),IF(ISNUMBER(B17),Backtest!$C$2519,"")) -> 42256 | D17: =IF(ISNUMBER(B17),NETWORKDAYS(B17,C17),"") -> 2 | E17: =IFERROR(VLOOKUP(C17,Backtest!C:D,2,FALSE)/VLOOKUP(B17,Backtest!C:D,2,FALSE)-1,"") -> -0.013813393 | J17: 15 | K17: =IFERROR(INDEX(Backtest!C:C,MATCH(Trades!A17,Backtest!M:M,0)),"") -> 42256 | L17: =IFERROR(INDEX(Backtest!C:C,MATCH(Trades!A17,Backtest!N:N,0)),IF(ISNUMBER(K17),Backtest!$C$2519,"")) -> 42257 | M17: =IF(ISNUMBER(K17),NETWORKDAYS(K17,L17),"") -> 2 | N17: =IFERROR(VLOOKUP(L17,Backtest!C:D,2,FALSE)/VLOOKUP(K17,Backtest!C:D,2,FALSE)-1,"") -> 0.0053620938
A18: 16 | B18: =IFERROR(INDEX(Backtest!C:C,MATCH(Trades!A18,Backtest!K:K,0)),"") -> 42257 | C18: =IFERROR(INDEX(Backtest!C:C,MATCH(Trades!A18,Backtest!L:L,0)),IF(ISNUMBER(B18),Backtest!$C$2519,"")) -> 42275 | D18: =IF(ISNUMBER(B18),NETWORKDAYS(B18,C18),"") -> 13 | E18: =IFERROR(VLOOKUP(C18,Backtest!C:D,2,FALSE)/VLOOKUP(B18,Backtest!C:D,2,FALSE)-1,"") -> -0.035169629 | J18: 16 | K18: =IFERROR(INDEX(Backtest!C:C,MATCH(Trades!A18,Backtest!M:M,0)),"") -> 42275 | L18: =IFERROR(INDEX(Backtest!C:C,MATCH(Trades!A18,Backtest!N:N,0)),IF(ISNUMBER(K18),Backtest!$C$2519,"")) -> 42277 | M18: =IF(ISNUMBER(K18),NETWORKDAYS(K18,L18),"") -> 3 | N18: =IFERROR(VLOOKUP(L18,Backtest!C:D,2,FALSE)/VLOOKUP(K18,Backtest!C:D,2,FALSE)-1,"") -> 0.020453837
A19: 17 | B19: =IFERROR(INDEX(Backtest!C:C,MATCH(Trades!A19,Backtest!K:K,0)),"") -> 42277 | C19: =IFERROR(INDEX(Backtest!C:C,MATCH(Trades!A19,Backtest!L:L,0)),IF(ISNUMBER(B19),Backtest!$C$2519,"")) -> 42376 | D19: =IF(ISNUMBER(B19),NETWORKDAYS(B19,C19),"") -> 72 | E19: =IFERROR(VLOOKUP(C19,Backtest!C:D,2,FALSE)/VLOOKUP(B19,Backtest!C:D,2,FALSE)-1,"") -> 0.018240028 | J19: 17 | K19: =IFERROR(INDEX(Backtest!C:C,MATCH(Trades!A19,Backtest!M:M,0)),"") -> 42376 | L19: =IFERROR(INDEX(Backtest!C:C,MATCH(Trades!A19,Backtest!N:N,0)),IF(ISNUMBER(K19),Backtest!$C$2519,"")) -> 42398 | M19: =IF(ISNUMBER(K19),NETWORKDAYS(K19,L19),"") -> 17 | N19: =IFERROR(VLOOKUP(L19,Backtest!C:D,2,FALSE)/VLOOKUP(K19,Backtest!C:D,2,FALSE)-1,"") -> -0.00091602046
A20: 18 | B20: =IFERROR(INDEX(Backtest!C:C,MATCH(Trades!A20,Backtest!K:K,0)),"") -> 42398 | C20: =IFERROR(INDEX(Backtest!C:C,MATCH(Trades!A20,Backtest!L:L,0)),IF(ISNUMBER(B20),Backtest!$C$2519,"")) -> 42405 | D20: =IF(ISNUMBER(B20),NETWORKDAYS(B20,C20),"") -> 6 | E20: =IFERROR(VLOOKUP(C20,Backtest!C:D,2,FALSE)/VLOOKUP(B20,Backtest!C:D,2,FALSE)-1,"") -> -0.030385797 | J20: 18 | K20: =IFERROR(INDEX(Backtest!C:C,MATCH(Trades!A20,Backtest!M:M,0)),"") -> 42405 | L20: =IFERROR(INDEX(Backtest!C:C,MATCH(Trades!A20,Backtest!N:N,0)),IF(ISNUMBER(K20),Backtest!$C$2519,"")) -> 42412 | M20: =IF(ISNUMBER(K20),NETWORKDAYS(K20,L20),"") -> 6 | N20: =IFERROR(VLOOKUP(L20,Backtest!C:D,2,FALSE)/VLOOKUP(K20,Backtest!C:D,2,FALSE)-1,"") -> -0.0071899137
A21: 19 | B21: =IFERROR(INDEX(Backtest!C:C,MATCH(Trades!A21,Backtest!K:K,0)),"") -> 42412 | C21: =IFERROR(INDEX(Backtest!C:C,MATCH(Trades!A21,Backtest!L:L,0)),IF(ISNUMBER(B21),Backtest!$C$2519,"")) -> 43182 | D21: =IF(ISNUMBER(B21),NETWORKDAYS(B21,C21),"") -> 551 | E21: =IFERROR(VLOOKUP(C21,Backtest!C:D,2,FALSE)/VLOOKUP(B21,Backtest!C:D,2,FALSE)-1,"") -> 0.44983525 | J21: 19 | K21: =IFERROR(INDEX(Backtest!C:C,MATCH(Trades!A21,Backtest!M:M,0)),"") -> 43182 | L21: =IFERROR(INDEX(Backtest!C:C,MATCH(Trades!A21,Backtest!N:N,0)),IF(ISNUMBER(K21),Backtest!$C$2519,"")) -> 43185 | M21: =IF(ISNUMBER(K21),NETWORKDAYS(K21,L21),"") -> 2 | N21: =IFERROR(VLOOKUP(L21,Backtest!C:D,2,FALSE)/VLOOKUP(K21,Backtest!C:D,2,FALSE)-1,"") -> 0.027157069
A22: 20 | B22: =IFERROR(INDEX(Backtest!C:C,MATCH(Trades!A22,Backtest!K:K,0)),"") -> 43185 | C22: =IFERROR(INDEX(Backtest!C:C,MATCH(Trades!A22,Backtest!L:L,0)),IF(ISNUMBER(B22),Backtest!$C$2519,"")) -> 43192 | D22: =IF(ISNUMBER(B22),NETWORKDAYS(B22,C22),"") -> 6 | E22: =IFERROR(VLOOKUP(C22,Backtest!C:D,2,FALSE)/VLOOKUP(B22,Backtest!C:D,2,FALSE)-1,"") -> -0.028617029 | J22: 20 | K22: =IFERROR(INDEX(Backtest!C:C,MATCH(Trades!A22,Backtest!M:M,0)),"") -> 43192 | L22: =IFERROR(INDEX(Backtest!C:C,MATCH(Trades!A22,Backtest!N:N,0)),IF(ISNUMBER(K22),Backtest!$C$2519,"")) -> 43193 | M22: =IF(ISNUMBER(K22),NETWORKDAYS(K22,L22),"") -> 2 | N22: =IFERROR(VLOOKUP(L22,Backtest!C:D,2,FALSE)/VLOOKUP(K22,Backtest!C:D,2,FALSE)-1,"") -> 0.012655975
A23: 21 | B23: =IFERROR(INDEX(Backtest!C:C,MATCH(Trades!A23,Backtest!K:K,0)),"") -> 43193 | C23: =IFERROR(INDEX(Backtest!C:C,MATCH(Trades!A23,Backtest!L:L,0)),IF(ISNUMBER(B23),Backtest!$C$2519,"")) -> 43384 | D23: =IF(ISNUMBER(B23),NETWORKDAYS(B23,C23),"") -> 138 | E23: =IFERROR(VLOOKUP(C23,Backtest!C:D,2,FALSE)/VLOOKUP(B23,Backtest!C:D,2,FALSE)-1,"") -> 0.054247613 | J23: 21 | K23: =IFERROR(INDEX(Backtest!C:C,MATCH(Trades!A23,Backtest!M:M,0)),"") -> 43384 | L23: =IFERROR(INDEX(Backtest!C:C,MATCH(Trades!A23,Backtest!N:N,0)),IF(ISNUMBER(K23),Backtest!$C$2519,"")) -> 43385 | M23: =IF(ISNUMBER(K23),NETWORKDAYS(K23,L23),"") -> 2 | N23: =IFERROR(VLOOKUP(L23,Backtest!C:D,2,FALSE)/VLOOKUP(K23,Backtest!C:D,2,FALSE)-1,"") -> 0.014314182
... A302: 300 | B302: =IFERROR(INDEX(Backtest!C:C,MATCH(Trades!A302,Backtest!K:K,0)),"") | C302: =IFERROR(INDEX(Backtest!C:C,MATCH(Trades!A302,Backtest!L:L,0)),IF(ISNUMBER(B302),Backtest!$C$2519,"")) | D302: =IF(ISNUMBER(B302),NETWORKDAYS(B302,C302),"") | E302: =IFERROR(VLOOKUP(C302,Backtest!C:D,2,FALSE)/VLOOKUP(B302,Backtest!C:D,2,FALSE)-1,"") | J302: 300 | K302: =IFERROR(INDEX(Backtest!C:C,MATCH(Trades!A302,Backtest!M:M,0)),"") | L302: =IFERROR(INDEX(Backtest!C:C,MATCH(Trades!A302,Backtest!N:N,0)),IF(ISNUMBER(K302),Backtest!$C$2519,"")) | M302: =IF(ISNUMBER(K302),NETWORKDAYS(K302,L302),"") | N302: =IFERROR(VLOOKUP(L302,Backtest!C:D,2,FALSE)/VLOOKUP(K302,Backtest!C:D,2,FALSE)-1,"")
B303: =IFERROR(INDEX(Backtest!C:C,MATCH(Trades!A303,Backtest!K:K,0)),"") | C303: =IFERROR(INDEX(Backtest!C:C,MATCH(Trades!A303,Backtest!L:L,0)),IF(ISNUMBER(B303),Backtest!$C$2519,"")) | D303: =IF(ISNUMBER(B303),NETWORKDAYS(B303,C303),"") | E303: =IFERROR(VLOOKUP(C303,Backtest!C:D,2,FALSE)/VLOOKUP(B303,Backtest!C:D,2,FALSE)-1,"") | K303: =IFERROR(INDEX(Backtest!C:C,MATCH(Trades!A303,Backtest!M:M,0)),"") | L303: =IFERROR(INDEX(Backtest!C:C,MATCH(Trades!A303,Backtest!N:N,0)),IF(ISNUMBER(K303),Backtest!$C$2519,"")) | M303: =IF(ISNUMBER(K303),NETWORKDAYS(K303,L303),"") | N303: =IFERROR(VLOOKUP(L303,Backtest!C:D,2,FALSE)/VLOOKUP(K303,Backtest!C:D,2,FALSE)-1,"")
B304: =IFERROR(INDEX(Backtest!C:C,MATCH(Trades!A304,Backtest!K:K,0)),"") | C304: =IFERROR(INDEX(Backtest!C:C,MATCH(Trades!A304,Backtest!L:L,0)),IF(ISNUMBER(B304),Backtest!$C$2519,"")) | D304: =IF(ISNUMBER(B304),NETWORKDAYS(B304,C304),"") | E304: =IFERROR(VLOOKUP(C304,Backtest!C:D,2,FALSE)/VLOOKUP(B304,Backtest!C:D,2,FALSE)-1,"") | K304: =IFERROR(INDEX(Backtest!C:C,MATCH(Trades!A304,Backtest!M:M,0)),"") | L304: =IFERROR(INDEX(Backtest!C:C,MATCH(Trades!A304,Backtest!N:N,0)),IF(ISNUMBER(K304),Backtest!$C$2519,"")) | M304: =IF(ISNUMBER(K304),NETWORKDAYS(K304,L304),"") | N304: =IFERROR(VLOOKUP(L304,Backtest!C:D,2,FALSE)/VLOOKUP(K304,Backtest!C:D,2,FALSE)-1,"")
B305: =IFERROR(INDEX(Backtest!C:C,MATCH(Trades!A305,Backtest!K:K,0)),"") | C305: =IFERROR(INDEX(Backtest!C:C,MATCH(Trades!A305,Backtest!L:L,0)),IF(ISNUMBER(B305),Backtest!$C$2519,"")) | D305: =IF(ISNUMBER(B305),NETWORKDAYS(B305,C305),"") | E305: =IFERROR(VLOOKUP(C305,Backtest!C:D,2,FALSE)/VLOOKUP(B305,Backtest!C:D,2,FALSE)-1,"") | K305: =IFERROR(INDEX(Backtest!C:C,MATCH(Trades!A305,Backtest!M:M,0)),"") | L305: =IFERROR(INDEX(Backtest!C:C,MATCH(Trades!A305,Backtest!N:N,0)),IF(ISNUMBER(K305),Backtest!$C$2519,"")) | M305: =IF(ISNUMBER(K305),NETWORKDAYS(K305,L305),"") | N305: =IFERROR(VLOOKUP(L305,Backtest!C:D,2,FALSE)/VLOOKUP(K305,Backtest!C:D,2,FALSE)-1,"")
B306: =IFERROR(INDEX(Backtest!C:C,MATCH(Trades!A306,Backtest!K:K,0)),"") | C306: =IFERROR(INDEX(Backtest!C:C,MATCH(Trades!A306,Backtest!L:L,0)),IF(ISNUMBER(B306),Backtest!$C$2519,"")) | D306: =IF(ISNUMBER(B306),NETWORKDAYS(B306,C306),"") | E306: =IFERROR(VLOOKUP(C306,Backtest!C:D,2,FALSE)/VLOOKUP(B306,Backtest!C:D,2,FALSE)-1,"") | K306: =IFERROR(INDEX(Backtest!C:C,MATCH(Trades!A306,Backtest!M:M,0)),"") | L306: =IFERROR(INDEX(Backtest!C:C,MATCH(Trades!A306,Backtest!N:N,0)),IF(ISNUMBER(K306),Backtest!$C$2519,"")) | M306: =IF(ISNUMBER(K306),NETWORKDAYS(K306,L306),"") | N306: =IFERROR(VLOOKUP(L306,Backtest!C:D,2,FALSE)/VLOOKUP(K306,Backtest!C:D,2,FALSE)-1,"")
B307: =IFERROR(INDEX(Backtest!C:C,MATCH(Trades!A307,Backtest!K:K,0)),"") | C307: =IFERROR(INDEX(Backtest!C:C,MATCH(Trades!A307,Backtest!L:L,0)),IF(ISNUMBER(B307),Backtest!$C$2519,"")) | D307: =IF(ISNUMBER(B307),NETWORKDAYS(B307,C307),"") | E307: =IFERROR(VLOOKUP(C307,Backtest!C:D,2,FALSE)/VLOOKUP(B307,Backtest!C:D,2,FALSE)-1,"") | K307: =IFERROR(INDEX(Backtest!C:C,MATCH(Trades!A307,Backtest!M:M,0)),"") | L307: =IFERROR(INDEX(Backtest!C:C,MATCH(Trades!A307,Backtest!N:N,0)),IF(ISNUMBER(K307),Backtest!$C$2519,"")) | M307: =IF(ISNUMBER(K307),NETWORKDAYS(K307,L307),"") | N307: =IFERROR(VLOOKUP(L307,Backtest!C:D,2,FALSE)/VLOOKUP(K307,Backtest!C:D,2,FALSE)-1,"")
B308: =IFERROR(INDEX(Backtest!C:C,MATCH(Trades!A308,Backtest!K:K,0)),"") | C308: =IFERROR(INDEX(Backtest!C:C,MATCH(Trades!A308,Backtest!L:L,0)),IF(ISNUMBER(B308),Backtest!$C$2519,"")) | D308: =IF(ISNUMBER(B308),NETWORKDAYS(B308,C308),"") | E308: =IFERROR(VLOOKUP(C308,Backtest!C:D,2,FALSE)/VLOOKUP(B308,Backtest!C:D,2,FALSE)-1,"") | K308: =IFERROR(INDEX(Backtest!C:C,MATCH(Trades!A308,Backtest!M:M,0)),"") | L308: =IFERROR(INDEX(Backtest!C:C,MATCH(Trades!A308,Backtest!N:N,0)),IF(ISNUMBER(K308),Backtest!$C$2519,"")) | M308: =IF(ISNUMBER(K308),NETWORKDAYS(K308,L308),"") | N308: =IFERROR(VLOOKUP(L308,Backtest!C:D,2,FALSE)/VLOOKUP(K308,Backtest!C:D,2,FALSE)-1,"")
B309: =IFERROR(INDEX(Backtest!C:C,MATCH(Trades!A309,Backtest!K:K,0)),"") | C309: =IFERROR(INDEX(Backtest!C:C,MATCH(Trades!A309,Backtest!L:L,0)),IF(ISNUMBER(B309),Backtest!$C$2519,"")) | D309: =IF(ISNUMBER(B309),NETWORKDAYS(B309,C309),"") | E309: =IFERROR(VLOOKUP(C309,Backtest!C:D,2,FALSE)/VLOOKUP(B309,Backtest!C:D,2,FALSE)-1,"") | K309: =IFERROR(INDEX(Backtest!C:C,MATCH(Trades!A309,Backtest!M:M,0)),"") | L309: =IFERROR(INDEX(Backtest!C:C,MATCH(Trades!A309,Backtest!N:N,0)),IF(ISNUMBER(K309),Backtest!$C$2519,"")) | M309: =IF(ISNUMBER(K309),NETWORKDAYS(K309,L309),"") | N309: =IFERROR(VLOOKUP(L309,Backtest!C:D,2,FALSE)/VLOOKUP(K309,Backtest!C:D,2,FALSE)-1,"")
B310: =IFERROR(INDEX(Backtest!C:C,MATCH(Trades!A310,Backtest!K:K,0)),"") | C310: =IFERROR(INDEX(Backtest!C:C,MATCH(Trades!A310,Backtest!L:L,0)),IF(ISNUMBER(B310),Backtest!$C$2519,"")) | D310: =IF(ISNUMBER(B310),NETWORKDAYS(B310,C310),"") | E310: =IFERROR(VLOOKUP(C310,Backtest!C:D,2,FALSE)/VLOOKUP(B310,Backtest!C:D,2,FALSE)-1,"") | K310: =IFERROR(INDEX(Backtest!C:C,MATCH(Trades!A310,Backtest!M:M,0)),"") | L310: =IFERROR(INDEX(Backtest!C:C,MATCH(Trades!A310,Backtest!N:N,0)),IF(ISNUMBER(K310),Backtest!$C$2519,"")) | M310: =IF(ISNUMBER(K310),NETWORKDAYS(K310,L310),"") | N310: =IFERROR(VLOOKUP(L310,Backtest!C:D,2,FALSE)/VLOOKUP(K310,Backtest!C:D,2,FALSE)-1,"")
B311: =IFERROR(INDEX(Backtest!C:C,MATCH(Trades!A311,Backtest!K:K,0)),"") | C311: =IFERROR(INDEX(Backtest!C:C,MATCH(Trades!A311,Backtest!L:L,0)),IF(ISNUMBER(B311),Backtest!$C$2519,"")) | D311: =IF(ISNUMBER(B311),NETWORKDAYS(B311,C311),"") | E311: =IFERROR(VLOOKUP(C311,Backtest!C:D,2,FALSE)/VLOOKUP(B311,Backtest!C:D,2,FALSE)-1,"") | K311: =IFERROR(INDEX(Backtest!C:C,MATCH(Trades!A311,Backtest!M:M,0)),"") | L311: =IFERROR(INDEX(Backtest!C:C,MATCH(Trades!A311,Backtest!N:N,0)),IF(ISNUMBER(K311),Backtest!$C$2519,"")) | M311: =IF(ISNUMBER(K311),NETWORKDAYS(K311,L311),"") | N311: =IFERROR(VLOOKUP(L311,Backtest!C:D,2,FALSE)/VLOOKUP(K311,Backtest!C:D,2,FALSE)-1,"")
B312: =IFERROR(INDEX(Backtest!C:C,MATCH(Trades!A312,Backtest!K:K,0)),"") | C312: =IFERROR(INDEX(Backtest!C:C,MATCH(Trades!A312,Backtest!L:L,0)),IF(ISNUMBER(B312),Backtest!$C$2519,"")) | D312: =IF(ISNUMBER(B312),NETWORKDAYS(B312,C312),"") | E312: =IFERROR(VLOOKUP(C312,Backtest!C:D,2,FALSE)/VLOOKUP(B312,Backtest!C:D,2,FALSE)-1,"") | K312: =IFERROR(INDEX(Backtest!C:C,MATCH(Trades!A312,Backtest!M:M,0)),"") | L312: =IFERROR(INDEX(Backtest!C:C,MATCH(Trades!A312,Backtest!N:N,0)),IF(ISNUMBER(K312),Backtest!$C$2519,"")) | M312: =IF(ISNUMBER(K312),NETWORKDAYS(K312,L312),"") | N312: =IFERROR(VLOOKUP(L312,Backtest!C:D,2,FALSE)/VLOOKUP(K312,Backtest!C:D,2,FALSE)-1,"")
B313: =IFERROR(INDEX(Backtest!C:C,MATCH(Trades!A313,Backtest!K:K,0)),"") | C313: =IFERROR(INDEX(Backtest!C:C,MATCH(Trades!A313,Backtest!L:L,0)),IF(ISNUMBER(B313),Backtest!$C$2519,"")) | D313: =IF(ISNUMBER(B313),NETWORKDAYS(B313,C313),"") | E313: =IFERROR(VLOOKUP(C313,Backtest!C:D,2,FALSE)/VLOOKUP(B313,Backtest!C:D,2,FALSE)-1,"") | K313: =IFERROR(INDEX(Backtest!C:C,MATCH(Trades!A313,Backtest!M:M,0)),"") | L313: =IFERROR(INDEX(Backtest!C:C,MATCH(Trades!A313,Backtest!N:N,0)),IF(ISNUMBER(K313),Backtest!$C$2519,"")) | M313: =IF(ISNUMBER(K313),NETWORKDAYS(K313,L313),"") | N313: =IFERROR(VLOOKUP(L313,Backtest!C:D,2,FALSE)/VLOOKUP(K313,Backtest!C:D,2,FALSE)-1,"")
B314: =IFERROR(INDEX(Backtest!C:C,MATCH(Trades!A314,Backtest!K:K,0)),"") | C314: =IFERROR(INDEX(Backtest!C:C,MATCH(Trades!A314,Backtest!L:L,0)),IF(ISNUMBER(B314),Backtest!$C$2519,"")) | D314: =IF(ISNUMBER(B314),NETWORKDAYS(B314,C314),"") | E314: =IFERROR(VLOOKUP(C314,Backtest!C:D,2,FALSE)/VLOOKUP(B314,Backtest!C:D,2,FALSE)-1,"") | K314: =IFERROR(INDEX(Backtest!C:C,MATCH(Trades!A314,Backtest!M:M,0)),"") | L314: =IFERROR(INDEX(Backtest!C:C,MATCH(Trades!A314,Backtest!N:N,0)),IF(ISNUMBER(K314),Backtest!$C$2519,"")) | M314: =IF(ISNUMBER(K314),NETWORKDAYS(K314,L314),"") | N314: =IFERROR(VLOOKUP(L314,Backtest!C:D,2,FALSE)/VLOOKUP(K314,Backtest!C:D,2,FALSE)-1,"")
... B402: =IFERROR(INDEX(Backtest!C:C,MATCH(Trades!A402,Backtest!K:K,0)),"") | C402: =IFERROR(INDEX(Backtest!C:C,MATCH(Trades!A402,Backtest!L:L,0)),IF(ISNUMBER(B402),Backtest!$C$2519,"")) | D402: =IF(ISNUMBER(B402),NETWORKDAYS(B402,C402),"") | E402: =IFERROR(VLOOKUP(C402,Backtest!C:D,2,FALSE)/VLOOKUP(B402,Backtest!C:D,2,FALSE)-1,"") | K402: =IFERROR(INDEX(Backtest!C:C,MATCH(Trades!A402,Backtest!M:M,0)),"") | L402: =IFERROR(INDEX(Backtest!C:C,MATCH(Trades!A402,Backtest!N:N,0)),IF(ISNUMBER(K402),Backtest!$C$2519,"")) | M402: =IF(ISNUMBER(K402),NETWORKDAYS(K402,L402),"") | N402: =IFERROR(VLOOKUP(L402,Backtest!C:D,2,FALSE)/VLOOKUP(K402,Backtest!C:D,2,FALSE)-1,"")
